date,open,high,low,close,volume,maturity
2022-04-27,2.751,2.84,2.717,2.8183,0,10y
2022-04-28,2.822,2.888,2.796,2.8629,0,10y
2022-04-29,2.8629,2.943,2.831,2.885,0,10y
2022-05-02,2.92,3.01,2.909,2.9964,0,10y
2022-05-03,2.9964,3.01,2.915,2.9575,0,10y
2022-05-04,2.9575,3.011,2.903,2.9149,0,10y
2022-05-05,2.9149,3.106,2.9149,3.0681,0,10y
2022-05-06,3.041,3.146,3.041,3.1245,0,10y
2022-05-09,3.149,3.203,3.028,3.0792,0,10y
2022-05-10,3.026,3.07,2.942,2.9928,0,10y
2022-05-11,2.995,3.074,2.907,2.9187,0,10y
2022-05-12,2.897,2.909,2.815,2.8173,0,10y
2022-05-13,2.859,2.944,2.851,2.9331,0,10y
2022-05-16,2.939,2.953,2.853,2.8786,0,10y
2022-05-17,2.888,2.997,2.888,2.9696,0,10y
2022-05-18,2.981,3.014,2.875,2.884,0,10y
2022-05-19,2.875,2.92,2.774,2.8551,0,10y
2022-05-20,2.85,2.88,2.774,2.7865,0,10y
2022-05-23,2.812,2.873,2.799,2.8586,0,10y
2022-05-24,2.846,2.864,2.718,2.7596,0,10y
2022-05-25,2.76,2.776,2.708,2.747,0,10y
2022-05-26,2.759,2.797,2.706,2.7577,0,10y
2022-05-27,2.763,2.768,2.709,2.7486,0,10y
2022-05-31,2.815,2.884,2.799,2.8441,0,10y
2022-06-01,2.869,2.951,2.835,2.9314,0,10y
2022-06-02,2.908,2.944,2.889,2.9149,0,10y
2022-06-03,2.926,2.986,2.906,2.9552,0,10y
2022-06-06,2.948,3.047,2.937,3.038,0,10y
2022-06-07,3.04,3.062,2.957,2.9699,0,10y
2022-06-08,2.992,3.04,2.983,3.0289,0,10y
2022-06-09,3.034,3.073,3.007,3.0418,0,10y
2022-06-10,3.057,3.178,2.99,3.1574,0,10y
2022-06-13,3.18,3.44,3.157,3.3713,0,10y
2022-06-14,3.379,3.498,3.269,3.483,0,10y
2022-06-15,3.454,3.464,3.28,3.3945,0,10y
2022-06-16,3.32,3.495,3.178,3.3049,0,10y
2022-06-17,3.245,3.311,3.194,3.2389,0,10y
2022-06-21,3.281,3.317,3.258,3.3054,0,10y
2022-06-22,3.277,3.283,3.124,3.1561,0,10y
2022-06-23,3.137,3.175,3.007,3.0702,0,10y
2022-06-24,3.08,3.139,3.041,3.1245,0,10y
2022-06-27,3.13,3.219,3.123,3.1941,0,10y
2022-06-28,3.204,3.258,3.172,3.2074,0,10y
2022-06-29,3.183,3.187,3.087,3.0929,0,10y
2022-06-30,3.085,3.108,2.97,2.974,0,10y
2022-07-01,3.024,3.024,2.791,2.9041,0,10y
2022-07-05,2.939,2.978,2.78,2.8109,0,10y
2022-07-06,2.835,2.935,2.747,2.9115,0,10y
2022-07-07,2.922,3.017,2.897,3.0075,0,10y
2022-07-08,3.008,3.101,2.967,3.1009,0,10y
2022-07-11,3.097,3.103,2.969,2.9909,0,10y
2022-07-12,2.98,2.989,2.899,2.9576,0,10y
2022-07-13,2.972,3.071,2.9,2.906,0,10y
2022-07-14,2.939,3.026,2.912,2.9595,0,10y
2022-07-15,2.943,2.971,2.9,2.93,0,10y
2022-07-18,2.93,3.019,2.912,2.9596,0,10y
2022-07-19,2.976,3.038,2.958,3.019,0,10y
2022-07-20,3.03,3.041,2.945,3.0359,0,10y
2022-07-21,3.023,3.081,2.871,2.9079,0,10y
2022-07-22,2.888,2.904,2.734,2.7813,0,10y
2022-07-25,2.789,2.845,2.772,2.8197,0,10y
2022-07-26,2.796,2.81,2.707,2.7867,0,10y
2022-07-27,2.798,2.82,2.725,2.7321,0,10y
2022-07-28,2.765,2.827,2.649,2.6814,0,10y
2022-07-29,2.69,2.728,2.618,2.6415,0,10y
2022-08-01,2.669,2.696,2.575,2.6055,0,10y
2022-08-02,2.552,2.772,2.516,2.741,0,10y
2022-08-03,2.737,2.849,2.699,2.7482,0,10y
2022-08-04,2.717,2.745,2.656,2.6756,0,10y
2022-08-05,2.679,2.869,2.677,2.8397,0,10y
2022-08-08,2.849,2.851,2.739,2.7627,0,10y
2022-08-09,2.752,2.816,2.746,2.7974,0,10y
2022-08-10,2.79,2.816,2.675,2.7864,0,10y
2022-08-11,2.7806,2.902,2.73,2.8876,0,10y
2022-08-12,2.895,2.904,2.837,2.8494,0,10y
2022-08-15,2.842,2.864,2.759,2.7914,0,10y
2022-08-16,2.777,2.871,2.772,2.824,0,10y
2022-08-17,2.82,2.919,2.808,2.8949,0,10y
2022-08-18,2.893,2.913,2.835,2.8804,0,10y
2022-08-19,2.891,2.998,2.886,2.988,0,10y
2022-08-22,2.992,3.04,2.943,3.0349,0,10y
2022-08-23,3.02,3.078,2.983,3.0535,0,10y
2022-08-24,3.048,3.126,3.022,3.1057,0,10y
2022-08-25,3.11,3.128,3.022,3.024,0,10y
2022-08-26,3.041,3.087,3.007,3.0353,0,10y
2022-08-29,3.087,3.129,3.084,3.1099,0,10y
2022-08-30,3.095,3.153,3.052,3.1099,0,10y
2022-08-31,3.108,3.2,3.093,3.1325,0,10y
2022-09-01,3.212,3.295,3.183,3.2647,0,10y
2022-09-02,3.254,3.288,3.176,3.1912,0,10y
2022-09-05,3.1912,3.231,3.1912,3.231,0,10y
2022-09-06,3.222,3.359,3.208,3.3397,0,10y
2022-09-07,3.347,3.363,3.252,3.2654,0,10y
2022-09-08,3.275,3.328,3.201,3.2921,0,10y
2022-09-09,3.314,3.331,3.249,3.3212,0,10y
2022-09-12,3.317,3.377,3.262,3.3616,0,10y
2022-09-13,3.343,3.46,3.293,3.4235,0,10y
2022-09-14,3.441,3.474,3.383,3.412,0,10y
2022-09-15,3.41,3.468,3.404,3.4587,0,10y
2022-09-16,3.444,3.49,3.415,3.4475,0,10y
2022-09-19,3.4475,3.518,3.4475,3.4885,0,10y
2022-09-20,3.485,3.604,3.473,3.5729,0,10y
2022-09-21,3.557,3.64,3.501,3.5123,0,10y
2022-09-22,3.54,3.72,3.514,3.7079,0,10y
2022-09-23,3.7079,3.829,3.659,3.6966,0,10y
2022-09-26,3.741,3.931,3.717,3.8797,0,10y
2022-09-27,3.892,3.992,3.801,3.9635,0,10y
2022-09-28,3.951,4.019,3.697,3.7072,0,10y
2022-09-29,3.739,3.868,3.723,3.7474,0,10y
2022-09-30,3.784,3.843,3.682,3.8044,0,10y
2022-10-03,3.801,3.817,3.567,3.6506,0,10y
2022-10-04,3.609,3.657,3.564,3.6171,0,10y
2022-10-05,3.627,3.787,3.617,3.7589,0,10y
2022-10-06,3.743,3.844,3.733,3.8236,0,10y
2022-10-07,3.819,3.908,3.819,3.8855,0,10y
2022-10-10,3.8855,3.9919,3.8855,3.9611,0,10y
2022-10-11,3.957,4.007,3.867,3.9388,0,10y
2022-10-12,3.953,3.978,3.884,3.9023,0,10y
2022-10-13,3.907,4.08,3.842,3.9537,0,10y
2022-10-14,3.965,4.031,3.85,4.006,0,10y
2022-10-17,4.006,4.027,3.912,4.0145,0,10y
2022-10-18,3.998,4.067,3.963,3.9983,0,10y
2022-10-19,4.013,4.142,4.011,4.1293,0,10y
2022-10-20,4.2262,4.243,4.1,4.2262,0,10y
2022-10-21,4.223,4.335,4.2,4.2125,0,10y
2022-10-24,4.204,4.289,4.129,4.2318,0,10y
2022-10-25,4.226,4.228,4.052,4.1104,0,10y
2022-10-26,4.086,4.113,3.997,4.0152,0,10y
2022-10-27,4.007,4.086,3.9,3.9392,0,10y
2022-10-28,3.936,4.05,3.911,4.0102,0,10y
2022-10-31,4.031,4.112,4.021,4.0769,0,10y
2022-11-01,4.052,4.079,3.92,4.0523,0,10y
2022-11-02,4.048,4.117,3.974,4.0609,0,10y
2022-11-03,4.0609,4.221,4.0609,4.1238,0,10y
2022-11-04,4.158,4.209,4.104,4.1584,0,10y
2022-11-07,4.161,4.224,4.125,4.2135,0,10y
2022-11-08,4.224,4.244,4.121,4.1276,0,10y
2022-11-09,4.138,4.174,4.059,4.151,0,10y
2022-11-10,4.098,4.117,3.807,3.8293,0,10y
2022-11-11,3.8293,3.8818,3.8293,3.8461,0,10y
2022-11-14,3.904,3.904,3.848,3.8668,0,10y
2022-11-15,3.87,3.882,3.758,3.7994,0,10y
2022-11-16,3.786,3.842,3.671,3.6936,0,10y
2022-11-17,3.692,3.805,3.681,3.7731,0,10y
2022-11-18,3.788,3.836,3.745,3.8176,0,10y
2022-11-21,3.795,3.842,3.762,3.8269,0,10y
2022-11-22,3.831,3.831,3.748,3.7578,0,10y
2022-11-23,3.7578,3.829,3.689,3.7094,0,10y
2022-11-24,3.7094,3.7094,3.6576,3.6632,0,10y
2022-11-25,3.668,3.755,3.652,3.7016,0,10y
2022-11-28,3.689,3.72,3.62,3.7015,0,10y
2022-11-29,3.694,3.761,3.648,3.7478,0,10y
2022-11-30,3.746,3.796,3.602,3.7013,0,10y
2022-12-01,3.618,3.64,3.505,3.5266,0,10y
2022-12-02,3.528,3.638,3.473,3.5025,0,10y
2022-12-05,3.522,3.612,3.502,3.5993,0,10y
2022-12-06,3.579,3.607,3.51,3.5132,0,10y
2022-12-07,3.54,3.557,3.404,3.4079,0,10y
2022-12-08,3.44,3.506,3.438,3.4928,0,10y
2022-12-09,3.485,3.595,3.452,3.5673,0,10y
2022-12-12,3.584,3.63,3.52,3.6113,0,10y
2022-12-13,3.606,3.63,3.421,3.503,0,10y
2022-12-14,3.501,3.561,3.461,3.5029,0,10y
2022-12-15,3.501,3.523,3.428,3.45,0,10y
2022-12-16,3.464,3.555,3.459,3.4822,0,10y
2022-12-19,3.506,3.601,3.497,3.5828,0,10y
2022-12-20,3.596,3.71,3.583,3.6843,0,10y
2022-12-21,3.703,3.72,3.621,3.6842,0,10y
2022-12-22,3.667,3.692,3.63,3.6711,0,10y
2022-12-23,3.682,3.753,3.676,3.7472,0,10y
2022-12-27,3.743,3.862,3.726,3.8581,0,10y
2022-12-28,3.847,3.892,3.807,3.8865,0,10y
2022-12-29,3.873,3.886,3.816,3.8353,0,10y
2022-12-30,3.826,3.905,3.82,3.8312,0,10y
2023-01-03,3.8312,3.848,3.724,3.7915,0,10y
2023-01-04,3.756,3.763,3.666,3.7089,0,10y
2023-01-05,3.698,3.782,3.683,3.7219,0,10y
2023-01-06,3.733,3.755,3.552,3.5709,0,10y
2023-01-09,3.5709,3.61,3.508,3.5174,0,10y
2023-01-10,3.541,3.639,3.521,3.6188,0,10y
2023-01-11,3.606,3.611,3.528,3.5558,0,10y
2023-01-12,3.554,3.589,3.424,3.4473,0,10y
2023-01-13,3.45,3.515,3.417,3.5109,0,10y
2023-01-17,3.525,3.585,3.496,3.5347,0,10y
2023-01-18,3.549,3.562,3.368,3.3753,0,10y
2023-01-19,3.375,3.428,3.321,3.3987,0,10y
2023-01-20,3.402,3.499,3.391,3.4842,0,10y
2023-01-23,3.484,3.547,3.464,3.5228,0,10y
2023-01-24,3.515,3.554,3.451,3.4674,0,10y
2023-01-25,3.447,3.487,3.42,3.4617,0,10y
2023-01-26,3.441,3.52,3.436,3.491,0,10y
2023-01-27,3.509,3.563,3.503,3.5182,0,10y
2023-01-30,3.516,3.574,3.494,3.5514,0,10y
2023-01-31,3.549,3.553,3.488,3.529,0,10y
2023-02-01,3.512,3.52,3.387,3.3984,0,10y
2023-02-02,3.415,3.426,3.334,3.3982,0,10y
2023-02-03,3.392,3.556,3.365,3.532,0,10y
2023-02-06,3.576,3.655,3.536,3.638,0,10y
2023-02-07,3.642,3.69,3.597,3.6754,0,10y
2023-02-08,3.666,3.692,3.612,3.6303,0,10y
2023-02-09,3.599,3.688,3.575,3.6731,0,10y
2023-02-10,3.677,3.751,3.658,3.7435,0,10y
2023-02-13,3.745,3.755,3.702,3.7073,0,10y
2023-02-14,3.709,3.797,3.624,3.7569,0,10y
2023-02-15,3.749,3.82,3.726,3.8029,0,10y
2023-02-16,3.815,3.872,3.768,3.857,0,10y
2023-02-17,3.867,3.927,3.815,3.8167,0,10y
2023-02-21,3.852,3.96,3.84,3.9564,0,10y
2023-02-22,3.957,3.968,3.892,3.9234,0,10y
2023-02-23,3.9234,3.978,3.865,3.873,0,10y
2023-02-24,3.877,3.978,3.854,3.9511,0,10y
2023-02-27,3.934,3.979,3.897,3.9199,0,10y
2023-02-28,3.924,3.983,3.901,3.9025,0,10y
2023-03-01,3.942,4.01,3.914,4.0003,0,10y
2023-03-02,3.993,4.089,3.991,4.0616,0,10y
2023-03-03,4.066,4.07,3.954,3.9537,0,10y
2023-03-06,3.954,3.989,3.897,3.9793,0,10y
2023-03-07,3.97,4.005,3.921,3.9715,0,10y
2023-03-08,3.983,4.011,3.899,3.9795,0,10y
2023-03-09,3.976,4.019,3.894,3.9169,0,10y
2023-03-10,3.886,3.89,3.674,3.6853,0,10y
2023-03-13,3.716,3.751,3.418,3.5449,0,10y
2023-03-14,3.562,3.701,3.466,3.6682,0,10y
2023-03-15,3.701,3.71,3.388,3.481,0,10y
2023-03-16,3.449,3.587,3.369,3.5733,0,10y
2023-03-17,3.583,3.598,3.382,3.4286,0,10y
2023-03-20,3.483,3.519,3.291,3.4828,0,10y
2023-03-21,3.4828,3.623,3.44,3.5999,0,10y
2023-03-22,3.598,3.644,3.432,3.4472,0,10y
2023-03-23,3.46,3.52,3.376,3.3837,0,10y
2023-03-24,3.417,3.419,3.287,3.378,0,10y
2023-03-27,3.393,3.545,3.367,3.5336,0,10y
2023-03-28,3.522,3.583,3.498,3.5488,0,10y
2023-03-29,3.572,3.61,3.534,3.5696,0,10y
2023-03-30,3.566,3.596,3.536,3.5507,0,10y
2023-03-31,3.556,3.585,3.464,3.4808,0,10y
2023-04-03,3.52,3.545,3.402,3.4226,0,10y
2023-04-04,3.419,3.485,3.335,3.3498,0,10y
2023-04-05,3.348,3.372,3.268,3.3015,0,10y
2023-04-06,3.301,3.312,3.253,3.2995,0,10y
2023-04-07,3.2995,3.415,3.298,3.4,0,10y
2023-04-10,3.383,3.436,3.35,3.4206,0,10y
2023-04-11,3.413,3.454,3.383,3.4281,0,10y
2023-04-12,3.436,3.462,3.34,3.4055,0,10y
2023-04-13,3.391,3.458,3.372,3.4487,0,10y
2023-04-14,3.447,3.536,3.424,3.5147,0,10y
2023-04-17,3.528,3.606,3.507,3.5965,0,10y
2023-04-18,3.597,3.608,3.549,3.5775,0,10y
2023-04-19,3.583,3.639,3.579,3.6004,0,10y
2023-04-20,3.591,3.602,3.526,3.5375,0,10y
2023-04-21,3.538,3.579,3.501,3.5718,0,10y
2023-04-24,3.566,3.57,3.492,3.509,0,10y
2023-04-25,3.481,3.492,3.379,3.3827,0,10y
2023-04-26,3.415,3.456,3.375,3.4409,0,10y
2023-04-27,3.443,3.538,3.433,3.5261,0,10y
2023-04-28,3.522,3.549,3.422,3.4277,0,10y
2023-05-01,3.452,3.608,3.448,3.593,0,10y
2023-05-02,3.564,3.568,3.424,3.4258,0,10y
2023-05-03,3.431,3.441,3.337,3.3524,0,10y
2023-05-04,3.3524,3.411,3.298,3.3693,0,10y
2023-05-05,3.3693,3.465,3.3693,3.4351,0,10y
2023-05-08,3.446,3.52,3.424,3.5148,0,10y
2023-05-09,3.515,3.532,3.479,3.53,0,10y
2023-05-10,3.513,3.528,3.431,3.4407,0,10y
2023-05-11,3.438,3.442,3.345,3.3861,0,10y
2023-05-12,3.382,3.47,3.369,3.4606,0,10y
2023-05-15,3.47,3.511,3.457,3.4981,0,10y
2023-05-16,3.504,3.574,3.457,3.5358,0,10y
2023-05-17,3.536,3.589,3.515,3.5754,0,10y
2023-05-18,3.562,3.657,3.547,3.6534,0,10y
2023-05-19,3.646,3.719,3.619,3.6994,0,10y
2023-05-22,3.669,3.728,3.642,3.7225,0,10y
2023-05-23,3.715,3.761,3.688,3.7053,0,10y
2023-05-24,3.7,3.748,3.669,3.7361,0,10y
2023-05-25,3.736,3.827,3.73,3.8154,0,10y
2023-05-26,3.818,3.859,3.777,3.7964,0,10y
2023-05-30,3.762,3.769,3.681,3.6827,0,10y
2023-05-31,3.694,3.694,3.614,3.6331,0,10y
2023-06-01,3.637,3.689,3.57,3.6045,0,10y
2023-06-02,3.607,3.7,3.601,3.6946,0,10y
2023-06-05,3.708,3.762,3.66,3.7004,0,10y
2023-06-06,3.683,3.735,3.654,3.6909,0,10y
2023-06-07,3.668,3.801,3.656,3.7933,0,10y
2023-06-08,3.788,3.821,3.708,3.7141,0,10y
2023-06-09,3.728,3.778,3.718,3.751,0,10y
2023-06-12,3.739,3.794,3.711,3.7356,0,10y
2023-06-13,3.74,3.845,3.682,3.8269,0,10y
2023-06-14,3.825,3.849,3.771,3.8075,0,10y
2023-06-15,3.79,3.845,3.707,3.7165,0,10y
2023-06-16,3.726,3.806,3.719,3.7672,0,10y
2023-06-19,3.7672,3.8217,3.7672,3.8217,0,10y
2023-06-20,3.816,3.82,3.701,3.7304,0,10y
2023-06-21,3.732,3.791,3.713,3.7208,0,10y
2023-06-22,3.725,3.808,3.711,3.7966,0,10y
2023-06-23,3.787,3.799,3.692,3.7424,0,10y
2023-06-26,3.715,3.737,3.679,3.7134,0,10y
2023-06-27,3.714,3.776,3.694,3.7581,0,10y
2023-06-28,3.76,3.77,3.706,3.7097,0,10y
2023-06-29,3.718,3.868,3.718,3.8442,0,10y
2023-06-30,3.844,3.89,3.805,3.8092,0,10y
2023-07-03,3.8092,3.868,3.78,3.8585,0,10y
2023-07-04,3.8585,3.8604,3.8565,3.8604,0,10y
2023-07-05,3.847,3.945,3.831,3.9296,0,10y
2023-07-06,3.934,4.081,3.934,4.0411,0,10y
2023-07-07,4.034,4.094,4.006,4.0616,0,10y
2023-07-10,4.074,4.09,3.986,4.0,0,10y
2023-07-11,4.002,4.004,3.95,3.982,0,10y
2023-07-12,3.962,3.97,3.844,3.8652,0,10y
2023-07-13,3.854,3.865,3.758,3.7634,0,10y
2023-07-14,3.777,3.846,3.76,3.8243,0,10y
2023-07-17,3.8243,3.836,3.773,3.8068,0,10y
2023-07-18,3.807,3.807,3.735,3.7932,0,10y
2023-07-19,3.789,3.797,3.729,3.7424,0,10y
2023-07-20,3.75,3.872,3.746,3.8464,0,10y
2023-07-21,3.847,3.861,3.809,3.8388,0,10y
2023-07-24,3.851,3.878,3.792,3.8705,0,10y
2023-07-25,3.869,3.92,3.859,3.8944,0,10y
2023-07-26,3.898,3.904,3.847,3.8569,0,10y
2023-07-27,3.875,4.022,3.841,4.0022,0,10y
2023-07-28,4.003,4.043,3.939,3.9586,0,10y
2023-07-31,3.973,4.003,3.929,3.9488,0,10y
2023-08-01,3.959,4.057,3.951,4.0371,0,10y
2023-08-02,4.021,4.126,4.011,4.0695,0,10y
2023-08-03,4.088,4.198,4.088,4.1874,0,10y
2023-08-04,4.18,4.204,4.038,4.0479,0,10y
2023-08-07,4.048,4.123,4.046,4.0885,0,10y
2023-08-08,4.083,4.085,3.984,4.02,0,10y
2023-08-09,4.004,4.044,3.99,4.0061,0,10y
2023-08-10,4.009,4.119,3.957,4.1055,0,10y
2023-08-11,4.123,4.178,4.082,4.1698,0,10y
2023-08-14,4.174,4.215,4.148,4.1874,0,10y
2023-08-15,4.201,4.274,4.168,4.2149,0,10y
2023-08-16,4.215,4.278,4.17,4.2721,0,10y
2023-08-17,4.29,4.29,4.29,4.29,0,10y
2023-08-18,4.2507,4.2507,4.2507,4.2507,0,10y
2023-08-21,4.3379,4.3379,4.3379,4.3379,0,10y
2023-08-22,4.33,4.33,4.33,4.33,0,10y
2023-08-23,4.184,4.184,4.184,4.184,0,10y
2023-08-24,4.2352,4.2352,4.2352,4.2352,0,10y
2023-08-25,4.2334,4.2334,4.2334,4.2334,0,10y
2023-08-28,4.202,4.202,4.202,4.202,0,10y
2023-08-29,4.1119,4.1119,4.1119,4.1119,0,10y
2023-08-30,4.1159,4.1159,4.1159,4.1159,0,10y
2023-08-31,4.0964,4.0964,4.0964,4.0964,0,10y
2023-09-01,4.1867,4.1867,4.1867,4.1867,0,10y
2023-09-05,4.2657,4.2657,4.2657,4.2657,0,10y
2023-09-06,4.2975,4.2975,4.2975,4.2975,0,10y
2023-09-07,4.2619,4.2619,4.2619,4.2619,0,10y
2023-09-08,4.2582,4.2582,4.2582,4.2582,0,10y
2023-09-11,4.288,4.288,4.288,4.288,0,10y
2023-09-12,4.2662,4.2662,4.2662,4.2662,0,10y
2023-09-13,4.2524,4.2524,4.2524,4.2524,0,10y
2023-09-14,4.2903,4.2903,4.2903,4.2903,0,10y
2023-09-15,4.3324,4.3324,4.3324,4.3324,0,10y
2023-09-18,4.3165,4.3165,4.3165,4.3165,0,10y
2023-09-19,4.3647,4.3647,4.3647,4.3647,0,10y
2023-09-20,4.3708,4.3708,4.3708,4.3708,0,10y
2023-09-21,4.486,4.486,4.486,4.486,0,10y
2023-09-22,4.4297,4.4297,4.4297,4.4297,0,10y
2023-09-25,4.5436,4.5436,4.5436,4.5436,0,10y
2023-09-26,4.5499,4.5499,4.5499,4.5499,0,10y
2023-09-27,4.6075,4.6075,4.6075,4.6075,0,10y
2023-09-28,4.5748,4.5748,4.5748,4.5748,0,10y
2023-09-29,4.5732,4.5732,4.5732,4.5732,0,10y
2023-10-02,4.6868,4.6868,4.6868,4.6868,0,10y
2023-10-03,4.806,4.806,4.806,4.806,0,10y
2023-10-04,4.7267,4.7267,4.7267,4.7267,0,10y
2023-10-05,4.7144,4.7144,4.7144,4.7144,0,10y
2023-10-06,4.7967,4.7967,4.7967,4.7967,0,10y
2023-10-09,4.6383,4.6383,4.6383,4.6383,0,10y
2023-10-10,4.653,4.653,4.653,4.653,0,10y
2023-10-11,4.5706,4.5706,4.5706,4.5706,0,10y
2023-10-12,4.7073,4.7073,4.7073,4.7073,0,10y
2023-10-13,4.6207,4.6207,4.6207,4.6207,0,10y
2023-10-16,4.706,4.706,4.706,4.706,0,10y
2023-10-17,4.8341,4.8341,4.8341,4.8341,0,10y
2023-10-18,4.9021,4.9021,4.9021,4.9021,0,10y
2023-10-19,4.9834,4.9834,4.9834,4.9834,0,10y
2023-10-20,4.9137,4.9137,4.9137,4.9137,0,10y
2023-10-23,4.8523,4.8523,4.8523,4.8523,0,10y
2023-10-24,4.8187,4.8187,4.8187,4.8187,0,10y
2023-10-25,4.94,4.94,4.94,4.94,0,10y
2023-10-26,4.8424,4.8424,4.8424,4.8424,0,10y
2023-10-27,4.8325,4.8325,4.8325,4.8325,0,10y
2023-10-30,4.8793,4.8793,4.8793,4.8793,0,10y
2023-10-31,4.9094,4.9094,4.9094,4.9094,0,10y
2023-11-01,4.7614,4.7614,4.7614,4.7614,0,10y
2023-11-02,4.6694,4.6694,4.6694,4.6694,0,10y
2023-11-03,4.5744,4.5744,4.5744,4.5744,0,10y
2023-11-06,4.591,4.666,4.577,4.6514,0,10y
2023-11-07,4.637,4.662,4.546,4.5748,0,10y
2023-11-08,4.563,4.614,4.488,4.513,0,10y
2023-11-09,4.496,4.654,4.473,4.6379,0,10y
2023-11-10,4.65,4.656,4.567,4.6201,0,10y
2023-11-13,4.646,4.694,4.624,4.628,0,10y
2023-11-14,4.644,4.656,4.434,4.4453,0,10y
2023-11-15,4.445,4.559,4.428,4.5451,0,10y
2023-11-16,4.516,4.518,4.432,4.4531,0,10y
2023-11-17,4.445,4.469,4.381,4.4413,0,10y
2023-11-20,4.463,4.486,4.41,4.4198,0,10y
2023-11-21,4.422,4.443,4.385,4.4081,0,10y
2023-11-22,4.398,4.447,4.363,4.412,0,10y
2023-11-23,4.412,4.412,4.412,4.412,0,10y
2023-11-24,4.453,4.492,4.443,4.4841,0,10y
2023-11-27,4.496,4.514,4.381,4.3827,0,10y
2023-11-28,4.4,4.422,4.321,4.3361,0,10y
2023-11-29,4.323,4.326,4.253,4.2648,0,10y
2023-11-30,4.261,4.367,4.247,4.3399,0,10y
2023-12-01,4.313,4.349,4.197,4.2204,0,10y
2023-12-04,4.232,4.297,4.224,4.2702,0,10y
2023-12-05,4.251,4.264,4.163,4.1744,0,10y
2023-12-06,4.174,4.205,4.104,4.1192,0,10y
2023-12-07,4.125,4.184,4.104,4.1514,0,10y
2023-12-08,4.153,4.278,4.147,4.2314,0,10y
2023-12-11,4.241,4.295,4.231,4.2352,0,10y
2023-12-12,4.241,4.25,4.153,4.2063,0,10y
2023-12-13,4.204,4.21,4.007,4.0239,0,10y
2023-12-14,4.011,4.011,3.887,3.9077,0,10y
2023-12-15,3.943,3.971,3.894,3.9148,0,10y
2023-12-18,3.935,3.969,3.892,3.9482,0,10y
2023-12-19,3.931,3.952,3.894,3.9219,0,10y
2023-12-20,3.922,3.922,3.849,3.8566,0,10y
2023-12-21,3.86,3.905,3.831,3.8862,0,10y
2023-12-22,3.884,3.919,3.848,3.9006,0,10y
2023-12-26,3.9,3.91,3.878,3.893,0,10y
2023-12-27,3.902,3.902,3.783,3.7889,0,10y
2023-12-28,3.811,3.859,3.8,3.8443,0,10y
2023-12-29,3.847,3.896,3.833,3.866,0,10y
2024-01-01,3.866,3.866,3.866,3.866,0,10y
2024-01-02,3.866,4.024,3.866,3.9369,0,10y
2024-01-03,3.9369,4.01,3.896,3.9031,0,10y
2024-01-04,3.924,4.006,3.901,3.9931,0,10y
2024-01-05,4.0,4.101,3.955,4.0476,0,10y
2024-01-08,4.0476,4.08,3.966,4.0077,0,10y
2024-01-09,4.019,4.053,3.996,4.0152,0,10y
2024-01-10,4.004,4.044,3.979,4.0416,0,10y
2024-01-11,4.024,4.068,3.966,3.9809,0,10y
2024-01-12,3.965,4.005,3.916,3.9521,0,10y
2024-01-15,3.9521,3.9521,3.9521,3.9521,0,10y
2024-01-16,3.98,4.083,3.978,4.0638,0,10y
2024-01-17,4.073,4.129,4.037,4.1,0,10y
2024-01-18,4.098,4.154,4.071,4.142,0,10y
2024-01-19,4.148,4.196,4.123,4.1379,0,10y
2024-01-22,4.13,4.14,4.075,4.0995,0,10y
2024-01-23,4.107,4.155,4.088,4.1358,0,10y
2024-01-24,4.136,4.186,4.086,4.1762,0,10y
2024-01-25,4.19,4.192,4.12,4.1261,0,10y
2024-01-26,4.112,4.166,4.093,4.1489,0,10y
2024-01-29,4.135,4.145,4.059,4.072,0,10y
2024-01-30,4.078,4.103,4.034,4.049,0,10y
2024-01-31,4.036,4.041,3.912,3.9482,0,10y
2024-02-01,3.935,3.958,3.817,3.8577,0,10y
2024-02-02,3.887,4.054,3.874,4.0275,0,10y
2024-02-05,4.066,4.177,4.06,4.1617,0,10y
2024-02-06,4.146,4.169,4.079,4.0923,0,10y
2024-02-07,4.104,4.135,4.067,4.1153,0,10y
2024-02-08,4.102,4.172,4.088,4.156,0,10y
2024-02-09,4.156,4.195,4.127,4.1773,0,10y
2024-02-12,4.1773,4.197,4.148,4.1696,0,10y
2024-02-13,4.179,4.328,4.15,4.3183,0,10y
2024-02-14,4.322,4.332,4.246,4.2652,0,10y
2024-02-15,4.253,4.255,4.187,4.2339,0,10y
2024-02-16,4.24,4.328,4.24,4.2929,0,10y
2024-02-19,4.2929,4.2929,4.2929,4.2929,0,10y
2024-02-20,4.315,4.319,4.244,4.2714,0,10y
2024-02-21,4.287,4.331,4.252,4.3206,0,10y
2024-02-22,4.323,4.354,4.295,4.3207,0,10y
2024-02-23,4.3207,4.351,4.246,4.2559,0,10y
2024-02-26,4.24,4.307,4.219,4.2775,0,10y
2024-02-27,4.28,4.321,4.258,4.3091,0,10y
2024-02-28,4.303,4.307,4.264,4.2658,0,10y
2024-02-29,4.268,4.319,4.225,4.2443,0,10y
2024-03-01,4.26,4.296,4.178,4.1856,0,10y
2024-03-04,4.195,4.235,4.19,4.217,0,10y
2024-03-05,4.217,4.223,4.112,4.135,0,10y
2024-03-06,4.158,4.17,4.081,4.1059,0,10y
2024-03-07,4.104,4.127,4.054,4.0923,0,10y
2024-03-08,4.088,4.108,4.038,4.0846,0,10y
2024-03-11,4.081,4.1001,4.081,4.1001,0,10y
2024-03-12,4.094,4.1566,4.092,4.1566,0,10y
2024-03-13,4.147,4.1918,4.147,4.1918,0,10y
2024-03-14,4.19,4.2962,4.19,4.2962,0,10y
2024-03-15,4.294,4.3142,4.294,4.3142,0,10y
2024-03-18,4.316,4.3341,4.316,4.3341,0,10y
2024-03-19,4.332,4.332,4.3024,4.3024,0,10y
2024-03-20,4.3024,4.3024,4.2768,4.2768,0,10y
2024-03-21,4.269,4.2748,4.269,4.2748,0,10y
2024-03-22,4.261,4.261,4.2138,4.2138,0,10y
2024-03-25,4.192,4.2513,4.192,4.2513,0,10y
2024-03-26,4.24,4.24,4.2336,4.2336,0,10y
2024-03-27,4.234,4.234,4.1884,4.1884,0,10y
2024-03-28,4.21,4.216,4.2062,4.2062,0,10y
2024-03-29,4.2062,4.2062,4.2062,4.2062,0,10y
2024-04-01,4.2,4.337,4.189,4.3251,0,10y
2024-04-02,4.309,4.405,4.303,4.3551,0,10y
2024-04-03,4.363,4.429,4.343,4.3472,0,10y
2024-04-04,4.341,4.381,4.299,4.3034,0,10y
2024-04-05,4.31,4.406,4.306,4.3956,0,10y
2024-04-08,4.414,4.462,4.406,4.4218,0,10y
2024-04-09,4.426,4.3656,4.354,4.3656,0,10y
2024-04-10,4.366,4.568,4.342,4.5456,0,10y
2024-04-11,4.536,4.593,4.513,4.5722,0,10y
2024-04-12,4.577,4.577,4.483,4.5196,0,10y
2024-04-15,4.528,4.663,4.52,4.6158,0,10y
2024-04-16,4.608,4.696,4.591,4.6633,0,10y
2024-04-17,4.682,4.682,4.577,4.5853,0,10y
2024-04-18,4.598,4.651,4.561,4.6347,0,10y
2024-04-19,4.629,4.631,4.496,4.6145,0,10y
2024-04-22,4.643,4.668,4.608,4.6167,0,10y
2024-04-23,4.615,4.652,4.57,4.6025,0,10y
2024-04-24,4.607,4.669,4.603,4.6417,0,10y
2024-04-25,4.65,4.739,4.619,4.7019,0,10y
2024-04-26,4.715,4.715,4.642,4.6692,0,10y
2024-04-29,4.655,4.659,4.607,4.6177,0,10y
2024-04-30,4.612,4.692,4.603,4.6798,0,10y
2024-05-01,4.678,4.695,4.583,4.6303,0,10y
2024-05-02,4.628,4.651,4.569,4.5769,0,10y
2024-05-03,4.584,4.596,4.455,4.5016,0,10y
2024-05-06,4.498,4.543,4.469,4.4894,0,10y
2024-05-07,4.496,4.496,4.42,4.457,0,10y
2024-05-08,4.461,4.5,4.457,4.4958,0,10y
2024-05-09,4.496,4.52,4.447,4.457,0,10y
2024-05-10,4.461,4.508,4.443,4.5003,0,10y
2024-05-13,4.49,4.496,4.459,4.4865,0,10y
2024-05-14,4.4492,4.4492,4.4492,4.4492,0,10y
2024-05-15,4.3517,4.3517,4.3517,4.3517,0,10y
2024-05-16,4.3789,4.3789,4.3789,4.3789,0,10y
2024-05-17,4.4218,4.4218,4.4218,4.4218,0,10y
2024-05-20,4.4433,4.4433,4.4433,4.4433,0,10y
2024-05-21,4.412,4.412,4.412,4.412,0,10y
2024-05-22,4.4257,4.4257,4.4257,4.4257,0,10y
2024-05-23,4.4767,4.4767,4.4767,4.4767,0,10y
2024-05-24,4.4669,4.4669,4.4669,4.4669,0,10y
2024-05-27,4.4669,4.4669,4.4669,4.4669,0,10y
2024-05-28,4.542,4.542,4.542,4.542,0,10y
2024-05-29,4.6137,4.6137,4.6137,4.6137,0,10y
2024-05-30,4.62,4.628,4.542,4.548,0,10y
2024-05-31,4.544,4.572,4.485,4.4867,0,10y
2024-06-03,4.497,4.501,4.39,4.4021,0,10y
2024-06-04,4.398,4.414,4.314,4.3279,0,10y
2024-06-05,4.336,4.359,4.275,4.2813,0,10y
2024-06-06,4.287,4.32,4.277,4.287,0,10y
2024-06-07,4.295,4.435,4.289,4.4315,0,10y
2024-06-10,4.449,4.479,4.441,4.467,0,10y
2024-06-11,4.463,4.465,4.394,4.3981,0,10y
2024-06-12,4.406,4.426,4.25,4.3297,0,10y
2024-06-13,4.306,4.328,4.223,4.2384,0,10y
2024-06-14,4.252,4.271,4.19,4.2093,0,10y
2024-06-17,4.242,4.293,4.23,4.2751,0,10y
2024-06-18,4.273,4.3,4.207,4.2149,0,10y
2024-06-19,4.2149,4.2149,4.2149,4.2149,0,10y
2024-06-20,4.238,4.294,4.23,4.2536,0,10y
2024-06-21,4.257,4.277,4.219,4.2535,0,10y
2024-06-24,4.255,4.275,4.226,4.2418,0,10y
2024-06-25,4.236,4.257,4.211,4.2302,0,10y
2024-06-26,4.246,4.331,4.246,4.3157,0,10y
2024-06-27,4.343,4.347,4.277,4.2903,0,10y
2024-06-28,4.294,4.402,4.261,4.3705,0,10y
2024-07-01,4.408,4.493,4.386,4.4772,0,10y
2024-07-02,4.459,4.465,4.414,4.4316,0,10y
2024-07-03,4.4316,4.445,4.339,4.3469,0,10y
2024-07-04,4.3469,4.3469,4.3469,4.3469,0,10y
2024-07-05,4.374,4.402,4.271,4.2784,0,10y
2024-07-08,4.302,4.317,4.265,4.2764,0,10y
2024-07-09,4.284,4.327,4.274,4.2959,0,10y
2024-07-10,4.294,4.312,4.267,4.2841,0,10y
2024-07-11,4.284,4.315,4.168,4.2024,0,10y
2024-07-12,4.214,4.241,4.179,4.177,0,10y
2024-07-15,4.177,4.249,4.177,4.2255,0,10y
2024-07-16,4.222,4.222,4.156,4.1634,0,10y
2024-07-17,4.169,4.196,4.144,4.1518,0,10y
2024-07-18,4.167,4.206,4.157,4.1982,0,10y
2024-07-19,4.186,4.249,4.184,4.2389,0,10y
2024-07-22,4.221,4.278,4.206,4.2545,0,10y
2024-07-23,4.253,4.256,4.221,4.2506,0,10y
2024-07-24,4.256,4.292,4.21,4.2877,0,10y
2024-07-25,4.274,4.276,4.196,4.2524,0,10y
2024-07-26,4.241,4.264,4.19,4.1958,0,10y
2024-07-29,4.184,4.186,4.151,4.1705,0,10y
2024-07-30,4.178,4.188,4.132,4.1452,0,10y
2024-07-31,4.153,4.155,4.032,4.0545,0,10y
2024-08-01,4.06,4.066,3.966,3.9894,0,10y
2024-08-02,3.966,3.974,3.787,3.796,0,10y
2024-08-05,3.736,3.83,3.667,3.779,0,10y
2024-08-06,3.847,3.909,3.805,3.9014,0,10y
2024-08-07,3.897,3.977,3.89,3.9545,0,10y
2024-08-08,3.923,4.022,3.894,3.9935,0,10y
2024-08-09,3.978,3.984,3.921,3.9398,0,10y
2024-08-12,3.9398,3.967,3.896,3.9054,0,10y
2024-08-13,3.907,3.925,3.845,3.8503,0,10y
2024-08-15,3.841,3.953,3.828,3.915,0,10y
2024-08-16,3.913,3.925,3.864,3.8902,0,10y
2024-08-19,3.904,3.905,3.852,3.8673,0,10y
2024-08-20,3.871,3.886,3.809,3.8142,0,10y
2024-08-21,3.807,3.833,3.763,3.7934,0,10y
2024-08-22,3.803,3.877,3.788,3.8578,0,10y
2024-08-23,3.839,3.86,3.791,3.8047,0,10y
2024-08-26,3.78,3.822,3.774,3.8198,0,10y
2024-08-27,3.81,3.867,3.81,3.8311,0,10y
2024-08-28,3.822,3.848,3.806,3.8406,0,10y
2024-08-29,3.837,3.888,3.816,3.8691,0,10y
2024-08-30,3.863,3.932,3.852,3.9188,0,10y
2024-09-02,3.9188,3.9188,3.9188,3.9188,0,10y
2024-09-03,3.932,3.932,3.825,3.8348,0,10y
2024-09-04,3.833,3.842,3.753,3.7609,0,10y
2024-09-05,3.759,3.774,3.723,3.7288,0,10y
2024-09-06,3.731,3.77,3.65,3.7155,0,10y
2024-09-09,3.738,3.763,3.693,3.7004,0,10y
2024-09-10,3.712,3.723,3.637,3.646,0,10y
2024-09-11,3.637,3.689,3.605,3.6572,0,10y
2024-09-12,3.665,3.704,3.64,3.6815,0,10y
2024-09-13,3.648,3.678,3.625,3.6588,0,10y
2024-09-16,3.6588,3.663,3.618,3.6214,0,10y
2024-09-17,3.623,3.655,3.599,3.6437,0,10y
2024-09-18,3.64,3.719,3.634,3.7113,0,10y
2024-09-19,3.719,3.768,3.691,3.7226,0,10y
2024-09-20,3.711,3.764,3.7,3.7338,0,10y
2024-09-23,3.7338,3.794,3.73,3.747,0,10y
2024-09-24,3.745,3.808,3.726,3.7356,0,10y
2024-09-25,3.737,3.792,3.726,3.7868,0,10y
2024-09-26,3.781,3.821,3.754,3.7944,0,10y
2024-09-27,3.794,3.81,3.741,3.7487,0,10y
2024-09-30,3.756,3.806,3.749,3.7904,0,10y
2024-10-01,3.777,3.79,3.698,3.7391,0,10y
2024-10-02,3.733,3.817,3.724,3.7809,0,10y
2024-10-03,3.79,3.855,3.785,3.8496,0,10y
2024-10-04,3.838,3.985,3.834,3.9769,0,10y
2024-10-07,3.987,4.033,3.967,4.0256,0,10y
2024-10-08,4.018,4.057,3.996,4.0178,0,10y
2024-10-09,4.012,4.078,4.006,4.0667,0,10y
2024-10-10,4.069,4.12,4.053,4.0746,0,10y
2024-10-11,4.069,4.118,4.061,4.0826,0,10y
2024-10-14,4.0826,4.1417,4.0826,4.1121,0,10y
2024-10-15,4.1,4.1,4.026,4.0336,0,10y
2024-10-16,4.038,4.043,3.995,4.0141,0,10y
2024-10-17,4.024,4.1,4.022,4.0906,0,10y
2024-10-18,4.091,4.118,4.065,4.0789,0,10y
2024-10-21,4.095,4.204,4.077,4.1877,0,10y
2024-10-22,4.194,4.222,4.166,4.2017,0,10y
2024-10-23,4.216,4.26,4.214,4.2336,0,10y
2024-10-24,4.248,4.248,4.182,4.2058,0,10y
2024-10-25,4.2,4.25,4.176,4.2399,0,10y
2024-10-28,4.276,4.3,4.232,4.2721,0,10y
2024-10-29,4.268,4.337,4.256,4.2681,0,10y
2024-10-30,4.248,4.304,4.198,4.2803,0,10y
2024-10-31,4.288,4.333,4.26,4.2824,0,10y
2024-11-01,4.289,4.39,4.224,4.3735,0,10y
2024-11-04,4.3735,4.3735,4.265,4.2968,0,10y
2024-11-05,4.293,4.366,4.265,4.2868,0,10y
2024-11-06,4.289,4.479,4.279,4.4413,0,10y
2024-11-07,4.428,4.453,4.312,4.3316,0,10y
2024-11-08,4.335,4.353,4.264,4.2985,0,10y
2024-11-11,4.2985,4.3472,4.2985,4.3355,0,10y
2024-11-12,4.33,4.443,4.314,4.4315,0,10y
2024-11-13,4.435,4.461,4.357,4.4452,0,10y
2024-11-14,4.461,4.483,4.386,4.4413,0,10y
2024-11-15,4.453,4.505,4.402,4.4414,0,10y
2024-11-18,4.443,4.491,4.41,4.4158,0,10y
2024-11-19,4.412,4.418,4.339,4.3883,0,10y
2024-11-20,4.398,4.438,4.388,4.4119,0,10y
2024-11-21,4.408,4.44,4.379,4.4218,0,10y
2024-11-22,4.418,4.43,4.383,4.4159,0,10y
2024-11-25,4.347,4.369,4.261,4.2654,0,10y
2024-11-26,4.291,4.324,4.273,4.2984,0,10y
2024-11-27,4.304,4.31,4.227,4.2498,0,10y
2024-11-28,4.2498,4.2498,4.2498,4.2498,0,10y
2024-11-29,4.252,4.254,4.17,4.1936,0,10y
2024-12-02,4.211,4.248,4.174,4.1878,0,10y
2024-12-03,4.199,4.238,4.165,4.2323,0,10y
2024-12-04,4.234,4.279,4.176,4.182,0,10y
2024-12-05,4.194,4.224,4.174,4.18,0,10y
2024-12-06,4.18,4.222,4.126,4.1491,0,10y
2024-12-09,4.153,4.205,4.136,4.1992,0,10y
2024-12-10,4.197,4.246,4.184,4.2283,0,10y
2024-12-11,4.226,4.277,4.201,4.2711,0,10y
2024-12-12,4.269,4.34,4.269,4.3258,0,10y
2024-12-13,4.32,4.407,4.312,4.3987,0,10y
2024-12-16,4.389,4.411,4.363,4.3947,0,10y
2024-12-17,4.395,4.442,4.375,4.3948,0,10y
2024-12-18,4.391,4.522,4.381,4.502,0,10y
2024-12-19,4.508,4.594,4.502,4.5682,0,10y
2024-12-20,4.556,4.566,4.486,4.5302,0,10y
2024-12-23,4.528,4.599,4.518,4.5906,0,10y
2024-12-24,4.5906,4.629,4.581,4.5867,0,10y
2024-12-25,4.5867,4.5867,4.5867,4.5867,0,10y
2024-12-26,4.597,4.639,4.573,4.5787,0,10y
2024-12-27,4.585,4.631,4.573,4.6233,0,10y
2024-12-30,4.627,4.629,4.535,4.5447,0,10y
2024-12-31,4.5447,4.587,4.507,4.573,0,10y
2025-01-01,4.573,4.573,4.573,4.573,0,10y
2025-01-02,4.573,4.599,4.517,4.5711,0,10y
2025-01-03,4.5711,4.604,4.535,4.5995,0,10y
2025-01-06,4.626,4.642,4.575,4.6198,0,10y
2025-01-07,4.632,4.699,4.606,4.687,0,10y
2025-01-08,4.685,4.73,4.665,4.6729,0,10y
2025-01-09,4.685,4.691,4.642,4.6811,0,10y
2025-01-10,4.677,4.788,4.677,4.7675,0,10y
2025-01-13,4.7675,4.805,4.759,4.7882,0,10y
2025-01-14,4.766,4.809,4.751,4.7883,0,10y
2025-01-15,4.786,4.788,4.637,4.649,0,10y
2025-01-16,4.659,4.694,4.588,4.6105,0,10y
2025-01-17,4.619,4.637,4.566,4.6108,0,10y
2025-01-20,4.6108,4.6108,4.6108,4.6108,0,10y
2025-01-21,4.552,4.591,4.532,4.5602,0,10y
2025-01-22,4.593,4.617,4.556,4.6028,0,10y
2025-01-23,4.605,4.664,4.597,4.6436,0,10y
2025-01-24,4.638,4.66,4.605,4.6214,0,10y
2025-01-27,4.601,4.601,4.498,4.5303,0,10y
2025-01-28,4.557,4.579,4.532,4.5364,0,10y
2025-01-29,4.536,4.591,4.512,4.5506,0,10y
2025-01-30,4.541,4.545,4.488,4.5224,0,10y
2025-01-31,4.525,4.581,4.5,4.5468,0,10y
2025-02-03,4.557,4.567,4.462,4.5347,0,10y
2025-02-04,4.565,4.598,4.509,4.5126,0,10y
2025-02-05,4.529,4.529,4.4,4.4281,0,10y
2025-02-06,4.424,4.46,4.412,4.4402,0,10y
2025-02-07,4.436,4.513,4.4,4.4886,0,10y
2025-02-10,4.485,4.509,4.46,4.4988,0,10y
2025-02-11,4.4988,4.547,4.4988,4.5373,0,10y
2025-02-12,4.541,4.66,4.527,4.6309,0,10y
2025-02-13,4.619,4.619,4.515,4.5308,0,10y
2025-02-14,4.535,4.546,4.447,4.4782,0,10y
2025-02-17,4.4782,4.4782,4.4782,4.4782,0,10y
2025-02-18,4.492,4.56,4.488,4.5523,0,10y
2025-02-19,4.556,4.576,4.529,4.5346,0,10y
2025-02-20,4.531,4.535,4.492,4.5053,0,10y
2025-02-21,4.505,4.511,4.406,4.4255,0,10y
2025-02-24,4.4255,4.456,4.389,4.3984,0,10y
2025-02-25,4.394,4.394,4.285,4.2907,0,10y
2025-02-26,4.287,4.339,4.245,4.2524,0,10y
2025-02-27,4.269,4.313,4.26,4.2752,0,10y
2025-02-28,4.26,4.277,4.195,4.1968,0,10y
2025-03-03,4.24,4.263,4.148,4.1551,0,10y
2025-03-04,4.14,4.252,4.108,4.2042,0,10y
2025-03-05,4.229,4.294,4.187,4.2804,0,10y
2025-03-06,4.305,4.344,4.267,4.2918,0,10y
2025-03-07,4.282,4.328,4.211,4.3146,0,10y
2025-03-10,4.267,4.297,4.2,4.2226,0,10y
2025-03-11,4.194,4.293,4.152,4.276,0,10y
2025-03-12,4.27,4.33,4.253,4.3163,0,10y
2025-03-13,4.316,4.353,4.259,4.2644,0,10y
2025-03-14,4.278,4.324,4.278,4.3159,0,10y
2025-03-17,4.295,4.331,4.258,4.3024,0,10y
2025-03-18,4.3,4.339,4.268,4.2889,0,10y
2025-03-19,4.295,4.323,4.243,4.2504,0,10y
2025-03-20,4.2504,4.2504,4.174,4.2312,0,10y
2025-03-21,4.235,4.256,4.202,4.25,0,10y
2025-03-24,4.271,4.34,4.269,4.3346,0,10y
2025-03-25,4.333,4.369,4.3,4.3133,0,10y
2025-03-26,4.331,4.362,4.315,4.348,0,10y
2025-03-27,4.344,4.4,4.34,4.3654,0,10y
2025-03-28,4.354,4.359,4.249,4.2609,0,10y
2025-03-31,4.207,4.257,4.184,4.211,0,10y
2025-04-01,4.215,4.217,4.133,4.1689,0,10y
2025-04-02,4.195,4.236,4.112,4.184,0,10y
2025-04-03,4.062,4.1,4.002,4.0511,0,10y
2025-04-04,4.039,4.041,3.86,4.0131,0,10y
2025-04-07,3.893,4.226,3.884,4.1873,0,10y
2025-04-08,4.191,4.304,4.126,4.2736,0,10y
2025-04-09,4.357,4.513,4.301,4.3044,0,10y
2025-04-10,4.322,4.431,4.26,4.4034,0,10y
2025-04-11,4.47,4.59,4.386,4.4679,0,10y
2025-04-14,4.482,4.489,4.36,4.3739,0,10y
2025-04-15,4.384,4.407,4.308,4.3388,0,10y
2025-04-16,4.317,4.352,4.263,4.2811,0,10y
2025-04-17,4.294,4.342,4.278,4.3331,0,10y
2025-04-18,4.3331,4.3331,4.3331,4.3331,0,10y
2025-04-21,4.344,4.418,4.333,4.417,0,10y
2025-04-22,4.405,4.438,4.371,4.3988,0,10y
2025-04-23,4.356,4.399,4.259,4.3792,0,10y
2025-04-24,4.365,4.371,4.305,4.311,0,10y
2025-04-25,4.321,4.33,4.235,4.2599,0,10y
2025-04-28,4.239,4.295,4.204,4.2102,0,10y
2025-04-29,4.2102,4.247,4.164,4.164,0,10y
2025-04-30,4.166,4.227,4.135,4.1562,0,10y
2025-05-01,4.183,4.241,4.124,4.2161,0,10y
2025-05-02,4.212,4.332,4.196,4.3078,0,10y
2025-05-05,4.3078,4.371,4.289,4.3389,0,10y
2025-05-06,4.3389,4.378,4.297,4.3038,0,10y
2025-05-07,4.32,4.335,4.262,4.2791,0,10y
2025-05-08,4.273,4.398,4.269,4.3858,0,10y
2025-05-09,4.38,4.398,4.345,4.378,0,10y
2025-05-12,4.414,4.479,4.402,4.465,0,10y
2025-05-13,4.461,4.505,4.426,4.4852,0,10y
2025-05-14,4.477,4.544,4.447,4.5318,0,10y
2025-05-15,4.544,4.548,4.43,4.4492,0,10y
2025-05-16,4.437,4.497,4.39,4.4449,0,10y
2025-05-19,4.477,4.564,4.445,4.4592,0,10y
2025-05-20,4.453,4.525,4.43,4.485,0,10y
2025-05-21,4.513,4.609,4.507,4.587,0,10y
2025-05-22,4.601,4.627,4.529,4.5392,0,10y
2025-05-23,4.533,4.541,4.448,4.509,0,10y
2025-05-26,4.509,4.509,4.509,4.509,0,10y
2025-05-27,4.499,4.505,4.428,4.4441,0,10y
2025-05-28,4.454,4.501,4.438,4.4808,0,10y
2025-05-29,4.509,4.539,4.418,4.4318,0,10y
2025-05-30,4.426,4.442,4.387,4.3871,0,10y
2025-06-02,4.418,4.47,4.41,4.4458,0,10y
2025-06-03,4.446,4.474,4.406,4.4622,0,10y
2025-06-04,4.446,4.468,4.349,4.3611,0,10y
2025-06-05,4.363,4.402,4.32,4.395,0,10y
2025-06-06,4.395,4.514,4.375,4.5061,0,10y
2025-06-09,4.51,4.518,4.47,4.4882,0,10y
2025-06-10,4.478,4.49,4.44,4.4659,0,10y
2025-06-11,4.466,4.506,4.406,4.4139,0,10y
2025-06-12,4.418,4.42,4.343,4.3528,0,10y
2025-06-13,4.328,4.448,4.316,4.413,0,10y
2025-06-16,4.418,4.462,4.403,4.4581,0,10y
2025-06-17,4.426,4.446,4.381,4.3888,0,10y
2025-06-18,4.395,4.413,4.344,4.383,0,10y
2025-06-19,4.383,4.383,4.383,4.383,0,10y
2025-06-20,4.389,4.442,4.363,4.383,0,10y
2025-06-23,4.383,4.407,4.291,4.3402,0,10y
2025-06-24,4.353,4.369,4.285,4.294,0,10y
2025-06-25,4.296,4.336,4.277,4.2852,0,10y
2025-06-26,4.277,4.293,4.24,4.2441,0,10y
2025-06-27,4.251,4.293,4.24,4.2852,0,10y
2025-06-30,4.283,4.291,4.222,4.2299,0,10y
2025-07-01,4.234,4.277,4.187,4.2509,0,10y
2025-07-02,4.242,4.308,4.242,4.2852,0,10y
2025-07-03,4.2852,4.364,4.249,4.3398,0,10y
2025-07-04,4.3398,4.3398,4.3398,4.3398,0,10y
2025-07-07,4.328,4.399,4.322,4.3848,0,10y
2025-07-08,4.383,4.435,4.379,4.4072,0,10y
2025-07-09,4.407,4.421,4.332,4.3399,0,10y
2025-07-10,4.336,4.375,4.322,4.3438,0,10y
2025-07-11,4.35,4.427,4.34,4.4188,0,10y
2025-07-14,4.425,4.447,4.403,4.4268,0,10y
2025-07-15,4.427,4.491,4.395,4.4828,0,10y
2025-07-16,4.493,4.495,4.437,4.4488,0,10y
2025-07-17,4.467,4.493,4.429,4.4568,0,10y
2025-07-18,4.443,4.451,4.414,4.427,0,10y
2025-07-21,4.427,4.428,4.352,4.3802,0,10y
2025-07-22,4.382,4.396,4.33,4.342,0,10y
2025-07-23,4.36,4.396,4.354,4.3902,0,10y
2025-07-24,4.386,4.44,4.384,4.4122,0,10y
2025-07-25,4.4,4.428,4.382,4.3838,0,10y
2025-07-28,4.406,4.42,4.368,4.4138,0,10y
2025-07-29,4.408,4.42,4.32,4.3238,0,10y
2025-07-30,4.324,4.382,4.316,4.368,0,10y
2025-07-31,4.368,4.382,4.328,4.3601,0,10y
2025-08-01,4.378,4.414,4.202,4.2139,0,10y
2025-08-04,4.218,4.257,4.194,4.2002,0,10y
2025-08-05,4.186,4.226,4.186,4.2021,0,10y
2025-08-06,4.218,4.281,4.212,4.2218,0,10y
2025-08-07,4.24,4.258,4.219,4.2442,0,10y
2025-08-08,4.25,4.289,4.242,4.2849,0,10y
2025-08-11,4.2849,4.287,4.256,4.2752,0,10y
2025-08-12,4.287,4.318,4.246,4.2912,0,10y
2025-08-13,4.297,4.302,4.227,4.2379,0,10y
2025-08-14,4.238,4.297,4.204,4.2888,0,10y
2025-08-15,4.285,4.332,4.269,4.3218,0,10y
2025-08-18,4.32,4.353,4.289,4.3369,0,10y
2025-08-19,4.334,4.347,4.298,4.3038,0,10y
2025-08-20,4.31,4.324,4.277,4.2868,0,10y
2025-08-21,4.295,4.347,4.289,4.3282,0,10y
2025-08-22,4.324,4.339,4.242,4.2581,0,10y
2025-08-25,4.269,4.295,4.263,4.2829,0,10y
2025-08-26,4.269,4.312,4.252,4.2561,0,10y
2025-08-27,4.269,4.289,4.232,4.2382,0,10y
2025-08-28,4.238,4.25,4.203,4.2048,0,10y
2025-08-29,4.211,4.242,4.207,4.2231,0,10y
2025-09-01,4.2231,4.2231,4.2231,4.2231,0,10y
2025-09-02,4.258,4.306,4.244,4.2692,0,10y
2025-09-03,4.269,4.3,4.203,4.2231,0,10y
2025-09-04,4.215,4.223,4.157,4.1651,0,10y
2025-09-05,4.157,4.168,4.063,4.091,0,10y
2025-09-08,4.095,4.103,4.038,4.0441,0,10y
2025-09-09,4.042,4.093,4.04,4.0799,0,10y
2025-09-10,4.089,4.095,4.026,4.044,0,10y
2025-09-11,4.053,4.07,3.996,4.0192,0,10y
2025-09-12,4.03,4.083,4.026,4.0619,0,10y
2025-09-15,4.0619,4.087,4.03,4.0389,0,10y
2025-09-16,4.041,4.062,4.022,4.0341,0,10y
2025-09-17,4.026,4.095,3.992,4.0661,0,10y
2025-09-18,4.079,4.137,4.043,4.1159,0,10y
2025-09-19,4.112,4.145,4.106,4.1269,0,10y
2025-09-22,4.137,4.152,4.122,4.151,0,10y
2025-09-23,4.151,4.151,4.106,4.11,0,10y
2025-09-24,4.102,4.152,4.098,4.1451,0,10y
2025-09-25,4.141,4.199,4.135,4.1722,0,10y
2025-09-26,4.176,4.197,4.154,4.1809,0,10y
2025-09-29,4.168,4.168,4.135,4.1431,0,10y
2025-09-30,4.144,4.16,4.106,4.1479,0,10y
2025-10-01,4.16,4.168,4.088,4.1058,0,10y
2025-10-02,4.094,4.125,4.083,4.088,0,10y
2025-10-03,4.086,4.125,4.079,4.1211,0,10y
2025-10-06,4.144,4.168,4.133,4.1661,0,10y
2025-10-07,4.16,4.177,4.113,4.1312,0,10y
2025-10-08,4.133,4.136,4.098,4.1312,0,10y
2025-10-09,4.113,4.152,4.107,4.1442,0,10y
2025-10-10,4.136,4.14,4.032,4.0552,0,10y
2025-10-13,4.0552,4.0595,4.0533,4.0533,0,10y
2025-10-14,4.059,4.067,3.998,4.0211,0,10y
2025-10-15,4.028,4.047,4.001,4.0359,0,10y
2025-10-16,4.028,4.051,3.967,3.975,0,10y
2025-10-17,3.959,4.016,3.936,4.0011,0,10y
2025-10-20,4.013,4.026,3.982,3.9838,0,10y
2025-10-21,3.982,3.991,3.947,3.9589,0,10y
2025-10-22,3.959,3.978,3.936,3.955,0,10y
2025-10-23,3.947,4.007,3.947,4.0009,0,10y
2025-10-24,4.006,4.02,3.966,3.9949,0,10y
2025-10-27,4.024,4.043,3.976,3.991,0,10y
2025-10-28,3.985,4.004,3.97,3.979,0,10y
2025-10-29,3.977,4.082,3.974,4.0699,0,10y
2025-10-30,4.078,4.116,4.058,4.0912,0,10y
2025-10-31,4.099,4.116,4.077,4.0949,0,10y
2025-11-03,4.0949,4.12,4.081,4.1031,0,10y
2025-11-04,4.11,4.114,4.079,4.0852,0,10y
2025-11-05,4.085,4.163,4.054,4.1571,0,10y
2025-11-06,4.155,4.155,4.077,4.089,0,10y
2025-11-07,4.093,4.112,4.066,4.0932,0,10y
2025-11-10,4.128,4.147,4.097,4.1121,0,10y
2025-11-11,4.1121,4.1121,4.0684,4.0684,0,10y
2025-11-12,4.073,4.095,4.056,4.0801,0,10y
2025-11-13,4.083,4.123,4.073,4.1192,0,10y
2025-11-14,4.123,4.152,4.065,4.1478,0,10y
2025-11-17,4.15,4.158,4.115,4.1352,0,10y
2025-11-18,4.144,4.144,4.084,4.1192,0,10y
2025-11-19,4.115,4.141,4.098,4.1289,0,10y
2025-11-20,4.143,4.168,4.084,4.0961,0,10y
2025-11-21,4.092,4.102,4.036,4.0628,0,10y
2025-11-24,4.0628,4.069,4.027,4.0378,0,10y
2025-11-25,4.031,4.046,3.988,4.0042,0,10y
2025-11-26,4.004,4.042,3.992,3.9922,0,10y
2025-11-27,3.9922,3.9922,3.9922,3.9922,0,10y
2025-11-28,4.007,4.036,3.962,4.019,0,10y
2025-12-01,4.031,4.096,4.027,4.0962,0,10y
2025-12-02,4.088,4.116,4.081,4.086,0,10y
2025-12-03,4.088,4.088,4.05,4.0609,0,10y
2025-12-04,4.077,4.112,4.073,4.1039,0,10y
2025-12-05,4.1,4.143,4.088,4.139,0,10y
2025-12-08,4.135,4.192,4.129,4.1682,0,10y
2025-12-09,4.168,4.192,4.141,4.1839,0,10y
2025-12-10,4.186,4.209,4.137,4.1429,0,10y
2025-12-11,4.133,4.159,4.1,4.1429,0,10y
2025-12-12,4.151,4.198,4.147,4.1919,0,10y
2025-12-15,4.182,4.188,4.151,4.1802,0,10y
2025-12-16,4.17,4.198,4.141,4.147,0,10y
2025-12-17,4.149,4.182,4.143,4.1509,0,10y
2025-12-18,4.141,4.147,4.108,4.1158,0,10y
2025-12-19,4.124,4.157,4.124,4.151,0,10y
2025-12-22,4.155,4.175,4.155,4.1672,0,10y
2025-12-23,4.167,4.202,4.139,4.1711,0,10y
2025-12-24,4.159,4.173,4.132,4.134,0,10y
2025-12-25,4.134,4.134,4.134,4.134,0,10y
2025-12-26,4.139,4.155,4.11,4.1302,0,10y
2025-12-29,4.13,4.139,4.104,4.1082,0,10y
2025-12-30,4.108,4.143,4.104,4.1258,0,10y
2025-12-31,4.1258,4.171,4.104,4.1631,0,10y
2026-01-01,4.1631,4.1631,4.1631,4.1631,0,10y
2026-01-02,4.1631,4.197,4.151,4.1931,0,10y
2026-01-05,4.193,4.195,4.147,4.1588,0,10y
2026-01-06,4.167,4.195,4.161,4.1671,0,10y
2026-01-07,4.171,4.171,4.124,4.1421,0,10y
2026-01-08,4.151,4.187,4.132,4.1849,0,10y
2026-01-09,4.171,4.211,4.159,4.1668,0,10y
2026-01-12,4.1668,4.207,4.1668,4.187,0,10y
2026-01-13,4.175,4.201,4.158,4.1728,0,10y
2026-01-14,4.181,4.183,4.13,4.1438,0,10y
2026-01-15,4.138,4.175,4.134,4.1689,0,10y
2026-01-16,4.168,4.233,4.164,4.2269,0,10y
2026-01-19,4.2269,4.2269,4.2269,4.2269,0,10y
2026-01-20,4.259,4.311,4.249,4.2911,0,10y
2026-01-21,4.287,4.299,4.243,4.2528,0,10y
2026-01-22,4.243,4.275,4.235,4.2489,0,10y
2026-01-23,4.249,4.263,4.227,4.2331,0,10y
2026-01-26,4.215,4.229,4.201,4.2128,0,10y
2026-01-27,4.219,4.249,4.207,4.2332,0,10y
2026-01-28,4.239,4.273,4.227,4.2472,0,10y
2026-01-29,4.239,4.271,4.223,4.2348,0,10y
2026-01-30,4.247,4.279,4.233,4.2589,0,10y
2026-02-02,4.247,4.283,4.212,4.2789,0,10y
2026-02-03,4.275,4.299,4.263,4.267,0,10y
2026-02-04,4.268,4.288,4.264,4.278,0,10y
2026-02-05,4.278,4.282,4.18,4.1959,0,10y
2026-02-06,4.164,4.224,4.156,4.204,0,10y
2026-02-09,4.22,4.248,4.196,4.2001,0,10y
2026-02-10,4.202,4.204,4.137,4.1412,0,10y
2026-02-11,4.1412,4.206,4.125,4.1862,0,10y
2026-02-12,4.187,4.189,4.098,4.1,0,10y
2026-02-13,4.102,4.125,4.046,4.0521,0,10y
2026-02-16,4.0521,4.0521,4.0521,4.0521,0,10y
2026-02-17,4.044,4.062,4.018,4.0559,0,10y
2026-02-18,4.056,4.088,4.048,4.087,0,10y
2026-02-19,4.083,4.108,4.067,4.075,0,10y
2026-02-20,4.075,4.104,4.058,4.0831,0,10y
2026-02-23,4.0831,4.0831,4.018,4.0309,0,10y
2026-02-24,4.039,4.048,4.025,4.0371,0,10y
2026-02-25,4.033,4.06,4.031,4.048,0,10y
2026-02-26,4.044,4.056,4.006,4.0122,0,10y
2026-02-27,4.002,4.006,3.945,3.964,0,10y
2026-03-02,3.93,4.067,3.926,4.046,0,10y
2026-03-03,4.033,4.117,4.033,4.0589,0,10y
2026-03-04,4.063,4.1,4.044,4.0901,0,10y
2026-03-05,4.092,4.148,4.092,4.131,0,10y
2026-03-06,4.134,4.185,4.105,4.146,0,10y
2026-03-09,4.21,4.216,4.094,4.103,0,10y
2026-03-10,4.109,4.16,4.086,4.1542,0,10y
2026-03-11,4.156,4.234,4.138,4.2179,0,10y
